{"cameraMode":{"drawMode":0,"name":"Shaded","section":"Shading Mode"},"sceneLighting":false,"audioPlay":false,"sceneViewState":{"showFog":true,"showMaterialUpdate":false,"showSkybox":false,"showFlares":true,"showImageEffects":true,"showParticleSystems":true},"in2DMode":false,"pivot":{"x":0.0,"y":0.20907574892044068,"z":0.0000014510005712509156},"rotation":{"x":-0.10680034756660462,"y":0.6454129219055176,"z":-0.09181362390518189,"w":-0.7507432699203491},"size":0.8304423093795776,"orthographic":false}